<?xml version="1.0" encoding="UTF-8"?>

<Processor Type="SynthChain" ID="k18i" Bypassed="0" Gain="1" Balance="0"
           VoiceLimit="64" KillFadeTime="20" IconColour="0" packageName=""
           BuildVersion="650">
  <ChildProcessors>
    <Processor Type="MidiProcessorChain" ID="Midi Processor" Bypassed="0">
      <ChildProcessors/>
    </Processor>
    <Processor Type="ModulatorChain" ID="GainModulation" Bypassed="0" Intensity="1">
      <ChildProcessors/>
    </Processor>
    <Processor Type="ModulatorChain" ID="PitchModulation" Bypassed="1" Intensity="0">
      <ChildProcessors/>
    </Processor>
    <Processor Type="EffectChain" ID="FX" Bypassed="0">
      <ChildProcessors/>
    </Processor>
    <Processor Type="StreamingSampler" ID="Sampler1" Bypassed="0" Gain="1" Balance="0"
               VoiceLimit="256" KillFadeTime="20" IconColour="0" PreloadSize="8192"
               BufferSize="4096" VoiceAmount="256" SamplerRepeatMode="3" RRGroupAmount="1"
               PitchTracking="1" OneShot="0" CrossfadeGroups="0" Purged="0"
               Reversed="0" NumChannels="1" UseStaticMatrix="0" Group0Table="24...............vO...f+....9C...vO"
               Group1Table="24...............vO...f+....9C...vO" Group2Table="24...............vO...f+....9C...vO"
               Group3Table="24...............vO...f+....9C...vO" Group4Table="24...............vO...f+....9C...vO"
               Group5Table="24...............vO...f+....9C...vO" Group6Table="24...............vO...f+....9C...vO"
               Group7Table="24...............vO...f+....9C...vO">
      <ChildProcessors>
        <Processor Type="MidiProcessorChain" ID="Midi Processor" Bypassed="0">
          <ChildProcessors/>
        </Processor>
        <Processor Type="ModulatorChain" ID="GainModulation" Bypassed="0" Intensity="1">
          <ChildProcessors>
            <Processor Type="SimpleEnvelope" ID="DefaultEnvelope1" Bypassed="0" Monophonic="0"
                       Retrigger="1" Intensity="1" Attack="5" Release="10" LinearMode="1">
              <ChildProcessors>
                <Processor Type="ModulatorChain" ID="Attack Time Modulation" Bypassed="0"
                           Intensity="1">
                  <ChildProcessors/>
                </Processor>
              </ChildProcessors>
            </Processor>
            <Processor Type="Velocity" ID="Velocity Modulator1" Bypassed="0" Intensity="1"
                       UseTable="1" Inverted="0" DecibelMode="0" VelocityTableData="24...............vO...f+....9C...pO">
              <ChildProcessors/>
            </Processor>
          </ChildProcessors>
        </Processor>
        <Processor Type="ModulatorChain" ID="PitchModulation" Bypassed="0" Intensity="0">
          <ChildProcessors/>
        </Processor>
        <Processor Type="EffectChain" ID="FX" Bypassed="0">
          <ChildProcessors/>
        </Processor>
        <Processor Type="ModulatorChain" ID="Sample Start" Bypassed="0" Intensity="1">
          <ChildProcessors/>
        </Processor>
        <Processor Type="ModulatorChain" ID="Group Fade" Bypassed="0" Intensity="1">
          <ChildProcessors/>
        </Processor>
      </ChildProcessors>
      <RoutingMatrix NumSourceChannels="2" Channel0="0" Send0="-1" Channel1="1" Send1="-1"/>
      <channels>
        <channelData enabled="1" level="0" suffix=""/>
      </channels>
      <samplemap>
        <sample Root="78" LoKey="77" HiKey="79" LoVel="82" HiVel="91" RRGroup="1"
                FileName="F:\2021\K18-Upright-Piano\K18 &#8212; &#1082;&#1086;&#1087;&#1080;&#1103;\F#4.f.wav"
                Duplicate="0"/>
        <sample Root="78" LoKey="77" HiKey="79" LoVel="92" HiVel="111" RRGroup="1"
                FileName="F:\2021\K18-Upright-Piano\K18 &#8212; &#1082;&#1086;&#1087;&#1080;&#1103;\F#4.ff.wav"
                Duplicate="0"/>
        <sample Root="78" LoKey="77" HiKey="79" LoVel="62" HiVel="81" RRGroup="1"
                FileName="F:\2021\K18-Upright-Piano\K18 &#8212; &#1082;&#1086;&#1087;&#1080;&#1103;\F#4.mf.wav"
                Duplicate="0"/>
        <sample Root="78" LoKey="77" HiKey="79" LoVel="0" HiVel="41" RRGroup="1"
                FileName="F:\2021\K18-Upright-Piano\K18 &#8212; &#1082;&#1086;&#1087;&#1080;&#1103;\F#4.p.wav"
                Duplicate="0"/>
        <sample Root="78" LoKey="77" HiKey="79" LoVel="42" HiVel="61" RRGroup="1"
                FileName="F:\2021\K18-Upright-Piano\K18 &#8212; &#1082;&#1086;&#1087;&#1080;&#1103;\F#4.pp.wav"
                Duplicate="0"/>
        <sample Root="78" LoKey="77" HiKey="79" LoVel="112" HiVel="121" RRGroup="1"
                FileName="F:\2021\K18-Upright-Piano\K18 &#8212; &#1082;&#1086;&#1087;&#1080;&#1103;\F#4.sf.wav"
                Duplicate="0"/>
        <sample Root="90" LoKey="89" HiKey="91" LoVel="82" HiVel="91" RRGroup="1"
                FileName="F:\2021\K18-Upright-Piano\K18 &#8212; &#1082;&#1086;&#1087;&#1080;&#1103;\F#5.f.wav"
                Duplicate="0"/>
        <sample Root="90" LoKey="89" HiKey="91" LoVel="92" HiVel="111" RRGroup="1"
                FileName="F:\2021\K18-Upright-Piano\K18 &#8212; &#1082;&#1086;&#1087;&#1080;&#1103;\F#5.ff.wav"
                Duplicate="0"/>
        <sample Root="90" LoKey="89" HiKey="91" LoVel="62" HiVel="81" RRGroup="1"
                FileName="F:\2021\K18-Upright-Piano\K18 &#8212; &#1082;&#1086;&#1087;&#1080;&#1103;\F#5.mf.wav"
                Duplicate="0"/>
        <sample Root="90" LoKey="89" HiKey="91" LoVel="0" HiVel="41" RRGroup="1"
                FileName="F:\2021\K18-Upright-Piano\K18 &#8212; &#1082;&#1086;&#1087;&#1080;&#1103;\F#5.p.wav"
                Duplicate="0"/>
        <sample Root="90" LoKey="89" HiKey="91" LoVel="42" HiVel="61" RRGroup="1"
                FileName="F:\2021\K18-Upright-Piano\K18 &#8212; &#1082;&#1086;&#1087;&#1080;&#1103;\F#5.pp.wav"
                Duplicate="0"/>
        <sample Root="90" LoKey="89" HiKey="91" LoVel="112" HiVel="121" RRGroup="1"
                FileName="F:\2021\K18-Upright-Piano\K18 &#8212; &#1082;&#1086;&#1087;&#1080;&#1103;\F#5.sf.wav"
                Duplicate="0"/>
        <sample Root="102" LoKey="101" HiKey="103" LoVel="82" HiVel="91" RRGroup="1"
                FileName="F:\2021\K18-Upright-Piano\K18 &#8212; &#1082;&#1086;&#1087;&#1080;&#1103;\F#6.f.wav"
                Duplicate="0"/>
        <sample Root="102" LoKey="101" HiKey="103" LoVel="92" HiVel="111" RRGroup="1"
                FileName="F:\2021\K18-Upright-Piano\K18 &#8212; &#1082;&#1086;&#1087;&#1080;&#1103;\F#6.ff.wav"
                Duplicate="0"/>
        <sample Root="102" LoKey="101" HiKey="103" LoVel="62" HiVel="81" RRGroup="1"
                FileName="F:\2021\K18-Upright-Piano\K18 &#8212; &#1082;&#1086;&#1087;&#1080;&#1103;\F#6.mf.wav"
                Duplicate="0"/>
        <sample Root="102" LoKey="101" HiKey="103" LoVel="0" HiVel="41" RRGroup="1"
                FileName="F:\2021\K18-Upright-Piano\K18 &#8212; &#1082;&#1086;&#1087;&#1080;&#1103;\F#6.p.wav"
                Duplicate="0"/>
        <sample Root="102" LoKey="101" HiKey="103" LoVel="42" HiVel="61" RRGroup="1"
                FileName="F:\2021\K18-Upright-Piano\K18 &#8212; &#1082;&#1086;&#1087;&#1080;&#1103;\F#6.pp.wav"
                Duplicate="0"/>
        <sample Root="102" LoKey="101" HiKey="103" LoVel="112" HiVel="121" RRGroup="1"
                FileName="F:\2021\K18-Upright-Piano\K18 &#8212; &#1082;&#1086;&#1087;&#1080;&#1103;\F#6.sf.wav"
                Duplicate="0"/>
        <sample Root="114" LoKey="113" HiKey="115" LoVel="82" HiVel="91" RRGroup="1"
                FileName="F:\2021\K18-Upright-Piano\K18 &#8212; &#1082;&#1086;&#1087;&#1080;&#1103;\F#7.f.wav"
                Duplicate="0"/>
        <sample Root="114" LoKey="113" HiKey="115" LoVel="92" HiVel="111" RRGroup="1"
                FileName="F:\2021\K18-Upright-Piano\K18 &#8212; &#1082;&#1086;&#1087;&#1080;&#1103;\F#7.ff.wav"
                Duplicate="0"/>
        <sample Root="114" LoKey="113" HiKey="115" LoVel="62" HiVel="81" RRGroup="1"
                FileName="F:\2021\K18-Upright-Piano\K18 &#8212; &#1082;&#1086;&#1087;&#1080;&#1103;\F#7.mf.wav"
                Duplicate="0"/>
        <sample Root="114" LoKey="113" HiKey="115" LoVel="0" HiVel="41" RRGroup="1"
                FileName="F:\2021\K18-Upright-Piano\K18 &#8212; &#1082;&#1086;&#1087;&#1080;&#1103;\F#7.p.wav"
                Duplicate="0"/>
        <sample Root="114" LoKey="113" HiKey="115" LoVel="42" HiVel="61" RRGroup="1"
                FileName="F:\2021\K18-Upright-Piano\K18 &#8212; &#1082;&#1086;&#1087;&#1080;&#1103;\F#7.pp.wav"
                Duplicate="0"/>
        <sample Root="114" LoKey="113" HiKey="115" LoVel="112" HiVel="121" RRGroup="1"
                FileName="F:\2021\K18-Upright-Piano\K18 &#8212; &#1082;&#1086;&#1087;&#1080;&#1103;\F#7.sf.wav"
                Duplicate="0"/>
        <sample Root="33" LoKey="32" HiKey="34" LoVel="82" HiVel="91" RRGroup="1"
                FileName="F:\2021\K18-Upright-Piano\K18 &#8212; &#1082;&#1086;&#1087;&#1080;&#1103;\A0.f.wav"
                Duplicate="0"/>
        <sample Root="33" LoKey="32" HiKey="34" LoVel="92" HiVel="111" RRGroup="1"
                FileName="F:\2021\K18-Upright-Piano\K18 &#8212; &#1082;&#1086;&#1087;&#1080;&#1103;\A0.ff.wav"
                Duplicate="0"/>
        <sample Root="33" LoKey="32" HiKey="34" LoVel="62" HiVel="81" RRGroup="1"
                FileName="F:\2021\K18-Upright-Piano\K18 &#8212; &#1082;&#1086;&#1087;&#1080;&#1103;\A0.mf.wav"
                Duplicate="0"/>
        <sample Root="33" LoKey="32" HiKey="34" LoVel="0" HiVel="41" RRGroup="1"
                FileName="F:\2021\K18-Upright-Piano\K18 &#8212; &#1082;&#1086;&#1087;&#1080;&#1103;\A0.p.wav"
                Duplicate="0"/>
        <sample Root="33" LoKey="32" HiKey="34" LoVel="42" HiVel="61" RRGroup="1"
                FileName="F:\2021\K18-Upright-Piano\K18 &#8212; &#1082;&#1086;&#1087;&#1080;&#1103;\A0.pp.wav"
                Duplicate="0"/>
        <sample Root="33" LoKey="32" HiKey="34" LoVel="112" HiVel="121" RRGroup="1"
                FileName="F:\2021\K18-Upright-Piano\K18 &#8212; &#1082;&#1086;&#1087;&#1080;&#1103;\A0.sf.wav"
                Duplicate="0"/>
        <sample Root="45" LoKey="44" HiKey="46" LoVel="82" HiVel="91" RRGroup="1"
                FileName="F:\2021\K18-Upright-Piano\K18 &#8212; &#1082;&#1086;&#1087;&#1080;&#1103;\A1.f.wav"
                Duplicate="0"/>
        <sample Root="45" LoKey="44" HiKey="46" LoVel="92" HiVel="111" RRGroup="1"
                FileName="F:\2021\K18-Upright-Piano\K18 &#8212; &#1082;&#1086;&#1087;&#1080;&#1103;\A1.ff.wav"
                Duplicate="0"/>
        <sample Root="45" LoKey="44" HiKey="46" LoVel="62" HiVel="81" RRGroup="1"
                FileName="F:\2021\K18-Upright-Piano\K18 &#8212; &#1082;&#1086;&#1087;&#1080;&#1103;\A1.mf.wav"
                Duplicate="0"/>
        <sample Root="45" LoKey="44" HiKey="46" LoVel="0" HiVel="41" RRGroup="1"
                FileName="F:\2021\K18-Upright-Piano\K18 &#8212; &#1082;&#1086;&#1087;&#1080;&#1103;\A1.p.wav"
                Duplicate="0"/>
        <sample Root="45" LoKey="44" HiKey="46" LoVel="42" HiVel="61" RRGroup="1"
                FileName="F:\2021\K18-Upright-Piano\K18 &#8212; &#1082;&#1086;&#1087;&#1080;&#1103;\A1.pp.wav"
                Duplicate="0"/>
        <sample Root="45" LoKey="44" HiKey="46" LoVel="112" HiVel="121" RRGroup="1"
                FileName="F:\2021\K18-Upright-Piano\K18 &#8212; &#1082;&#1086;&#1087;&#1080;&#1103;\A1.sf.wav"
                Duplicate="0"/>
        <sample Root="57" LoKey="56" HiKey="58" LoVel="82" HiVel="91" RRGroup="1"
                FileName="F:\2021\K18-Upright-Piano\K18 &#8212; &#1082;&#1086;&#1087;&#1080;&#1103;\A2.f.wav"
                Duplicate="0"/>
        <sample Root="57" LoKey="56" HiKey="58" LoVel="92" HiVel="111" RRGroup="1"
                FileName="F:\2021\K18-Upright-Piano\K18 &#8212; &#1082;&#1086;&#1087;&#1080;&#1103;\A2.ff.wav"
                Duplicate="0"/>
        <sample Root="57" LoKey="56" HiKey="58" LoVel="62" HiVel="81" RRGroup="1"
                FileName="F:\2021\K18-Upright-Piano\K18 &#8212; &#1082;&#1086;&#1087;&#1080;&#1103;\A2.mf.wav"
                Duplicate="0"/>
        <sample Root="57" LoKey="56" HiKey="58" LoVel="0" HiVel="41" RRGroup="1"
                FileName="F:\2021\K18-Upright-Piano\K18 &#8212; &#1082;&#1086;&#1087;&#1080;&#1103;\A2.p.wav"
                Duplicate="0"/>
        <sample Root="57" LoKey="56" HiKey="58" LoVel="42" HiVel="61" RRGroup="1"
                FileName="F:\2021\K18-Upright-Piano\K18 &#8212; &#1082;&#1086;&#1087;&#1080;&#1103;\A2.pp.wav"
                Duplicate="0"/>
        <sample Root="57" LoKey="56" HiKey="58" LoVel="112" HiVel="121" RRGroup="1"
                FileName="F:\2021\K18-Upright-Piano\K18 &#8212; &#1082;&#1086;&#1087;&#1080;&#1103;\A2.sf.wav"
                Duplicate="0"/>
        <sample Root="69" LoKey="68" HiKey="70" LoVel="82" HiVel="91" RRGroup="1"
                FileName="F:\2021\K18-Upright-Piano\K18 &#8212; &#1082;&#1086;&#1087;&#1080;&#1103;\A3.f.wav"
                Duplicate="0"/>
        <sample Root="69" LoKey="68" HiKey="70" LoVel="92" HiVel="111" RRGroup="1"
                FileName="F:\2021\K18-Upright-Piano\K18 &#8212; &#1082;&#1086;&#1087;&#1080;&#1103;\A3.ff.wav"
                Duplicate="0"/>
        <sample Root="69" LoKey="68" HiKey="70" LoVel="62" HiVel="81" RRGroup="1"
                FileName="F:\2021\K18-Upright-Piano\K18 &#8212; &#1082;&#1086;&#1087;&#1080;&#1103;\A3.mf.wav"
                Duplicate="0"/>
        <sample Root="69" LoKey="68" HiKey="70" LoVel="0" HiVel="41" RRGroup="1"
                FileName="F:\2021\K18-Upright-Piano\K18 &#8212; &#1082;&#1086;&#1087;&#1080;&#1103;\A3.p.wav"
                Duplicate="0"/>
        <sample Root="69" LoKey="68" HiKey="70" LoVel="42" HiVel="61" RRGroup="1"
                FileName="F:\2021\K18-Upright-Piano\K18 &#8212; &#1082;&#1086;&#1087;&#1080;&#1103;\A3.pp.wav"
                Duplicate="0"/>
        <sample Root="69" LoKey="68" HiKey="70" LoVel="112" HiVel="121" RRGroup="1"
                FileName="F:\2021\K18-Upright-Piano\K18 &#8212; &#1082;&#1086;&#1087;&#1080;&#1103;\A3.sf.wav"
                Duplicate="0"/>
        <sample Root="81" LoKey="80" HiKey="82" LoVel="82" HiVel="91" RRGroup="1"
                FileName="F:\2021\K18-Upright-Piano\K18 &#8212; &#1082;&#1086;&#1087;&#1080;&#1103;\A4.f.wav"
                Duplicate="0"/>
        <sample Root="81" LoKey="80" HiKey="82" LoVel="92" HiVel="111" RRGroup="1"
                FileName="F:\2021\K18-Upright-Piano\K18 &#8212; &#1082;&#1086;&#1087;&#1080;&#1103;\A4.ff.wav"
                Duplicate="0"/>
        <sample Root="81" LoKey="80" HiKey="82" LoVel="62" HiVel="81" RRGroup="1"
                FileName="F:\2021\K18-Upright-Piano\K18 &#8212; &#1082;&#1086;&#1087;&#1080;&#1103;\A4.mf.wav"
                Duplicate="0"/>
        <sample Root="81" LoKey="80" HiKey="82" LoVel="0" HiVel="41" RRGroup="1"
                FileName="F:\2021\K18-Upright-Piano\K18 &#8212; &#1082;&#1086;&#1087;&#1080;&#1103;\A4.p.wav"
                Duplicate="0"/>
        <sample Root="81" LoKey="80" HiKey="82" LoVel="42" HiVel="61" RRGroup="1"
                FileName="F:\2021\K18-Upright-Piano\K18 &#8212; &#1082;&#1086;&#1087;&#1080;&#1103;\A4.pp.wav"
                Duplicate="0"/>
        <sample Root="81" LoKey="80" HiKey="82" LoVel="112" HiVel="121" RRGroup="1"
                FileName="F:\2021\K18-Upright-Piano\K18 &#8212; &#1082;&#1086;&#1087;&#1080;&#1103;\A4.sf.wav"
                Duplicate="0"/>
        <sample Root="93" LoKey="92" HiKey="94" LoVel="82" HiVel="91" RRGroup="1"
                FileName="F:\2021\K18-Upright-Piano\K18 &#8212; &#1082;&#1086;&#1087;&#1080;&#1103;\A5.f.wav"
                Duplicate="0"/>
        <sample Root="93" LoKey="92" HiKey="94" LoVel="92" HiVel="111" RRGroup="1"
                FileName="F:\2021\K18-Upright-Piano\K18 &#8212; &#1082;&#1086;&#1087;&#1080;&#1103;\A5.ff.wav"
                Duplicate="0"/>
        <sample Root="93" LoKey="92" HiKey="94" LoVel="62" HiVel="81" RRGroup="1"
                FileName="F:\2021\K18-Upright-Piano\K18 &#8212; &#1082;&#1086;&#1087;&#1080;&#1103;\A5.mf.wav"
                Duplicate="0"/>
        <sample Root="93" LoKey="92" HiKey="94" LoVel="0" HiVel="41" RRGroup="1"
                FileName="F:\2021\K18-Upright-Piano\K18 &#8212; &#1082;&#1086;&#1087;&#1080;&#1103;\A5.p.wav"
                Duplicate="0"/>
        <sample Root="93" LoKey="92" HiKey="94" LoVel="42" HiVel="61" RRGroup="1"
                FileName="F:\2021\K18-Upright-Piano\K18 &#8212; &#1082;&#1086;&#1087;&#1080;&#1103;\A5.pp.wav"
                Duplicate="0"/>
        <sample Root="93" LoKey="92" HiKey="94" LoVel="112" HiVel="121" RRGroup="1"
                FileName="F:\2021\K18-Upright-Piano\K18 &#8212; &#1082;&#1086;&#1087;&#1080;&#1103;\A5.sf.wav"
                Duplicate="0"/>
        <sample Root="105" LoKey="104" HiKey="106" LoVel="82" HiVel="91" RRGroup="1"
                FileName="F:\2021\K18-Upright-Piano\K18 &#8212; &#1082;&#1086;&#1087;&#1080;&#1103;\A6.f.wav"
                Duplicate="0"/>
        <sample Root="105" LoKey="104" HiKey="106" LoVel="92" HiVel="111" RRGroup="1"
                FileName="F:\2021\K18-Upright-Piano\K18 &#8212; &#1082;&#1086;&#1087;&#1080;&#1103;\A6.ff.wav"
                Duplicate="0"/>
        <sample Root="105" LoKey="104" HiKey="106" LoVel="62" HiVel="81" RRGroup="1"
                FileName="F:\2021\K18-Upright-Piano\K18 &#8212; &#1082;&#1086;&#1087;&#1080;&#1103;\A6.mf.wav"
                Duplicate="0"/>
        <sample Root="105" LoKey="104" HiKey="106" LoVel="0" HiVel="41" RRGroup="1"
                FileName="F:\2021\K18-Upright-Piano\K18 &#8212; &#1082;&#1086;&#1087;&#1080;&#1103;\A6.p.wav"
                Duplicate="0"/>
        <sample Root="105" LoKey="104" HiKey="106" LoVel="42" HiVel="61" RRGroup="1"
                FileName="F:\2021\K18-Upright-Piano\K18 &#8212; &#1082;&#1086;&#1087;&#1080;&#1103;\A6.pp.wav"
                Duplicate="0"/>
        <sample Root="105" LoKey="104" HiKey="106" LoVel="112" HiVel="121" RRGroup="1"
                FileName="F:\2021\K18-Upright-Piano\K18 &#8212; &#1082;&#1086;&#1087;&#1080;&#1103;\A6.sf.wav"
                Duplicate="0"/>
        <sample Root="117" LoKey="116" HiKey="118" LoVel="82" HiVel="91" RRGroup="1"
                FileName="F:\2021\K18-Upright-Piano\K18 &#8212; &#1082;&#1086;&#1087;&#1080;&#1103;\A7.f.wav"
                Duplicate="0"/>
        <sample Root="117" LoKey="116" HiKey="118" LoVel="92" HiVel="111" RRGroup="1"
                FileName="F:\2021\K18-Upright-Piano\K18 &#8212; &#1082;&#1086;&#1087;&#1080;&#1103;\A7.ff.wav"
                Duplicate="0"/>
        <sample Root="117" LoKey="116" HiKey="118" LoVel="62" HiVel="81" RRGroup="1"
                FileName="F:\2021\K18-Upright-Piano\K18 &#8212; &#1082;&#1086;&#1087;&#1080;&#1103;\A7.mf.wav"
                Duplicate="0"/>
        <sample Root="117" LoKey="116" HiKey="118" LoVel="0" HiVel="41" RRGroup="1"
                FileName="F:\2021\K18-Upright-Piano\K18 &#8212; &#1082;&#1086;&#1087;&#1080;&#1103;\A7.p.wav"
                Duplicate="0"/>
        <sample Root="117" LoKey="116" HiKey="118" LoVel="42" HiVel="61" RRGroup="1"
                FileName="F:\2021\K18-Upright-Piano\K18 &#8212; &#1082;&#1086;&#1087;&#1080;&#1103;\A7.pp.wav"
                Duplicate="0"/>
        <sample Root="117" LoKey="116" HiKey="118" LoVel="112" HiVel="121" RRGroup="1"
                FileName="F:\2021\K18-Upright-Piano\K18 &#8212; &#1082;&#1086;&#1087;&#1080;&#1103;\A7.sf.wav"
                Duplicate="0"/>
        <sample Root="36" LoKey="35" HiKey="37" LoVel="82" HiVel="91" RRGroup="1"
                FileName="F:\2021\K18-Upright-Piano\K18 &#8212; &#1082;&#1086;&#1087;&#1080;&#1103;\C1.f.wav"
                Duplicate="0"/>
        <sample Root="36" LoKey="35" HiKey="37" LoVel="92" HiVel="111" RRGroup="1"
                FileName="F:\2021\K18-Upright-Piano\K18 &#8212; &#1082;&#1086;&#1087;&#1080;&#1103;\C1.ff.wav"
                Duplicate="0"/>
        <sample Root="36" LoKey="35" HiKey="37" LoVel="62" HiVel="81" RRGroup="1"
                FileName="F:\2021\K18-Upright-Piano\K18 &#8212; &#1082;&#1086;&#1087;&#1080;&#1103;\C1.mf.wav"
                Duplicate="0"/>
        <sample Root="36" LoKey="35" HiKey="37" LoVel="0" HiVel="41" RRGroup="1"
                FileName="F:\2021\K18-Upright-Piano\K18 &#8212; &#1082;&#1086;&#1087;&#1080;&#1103;\C1.p.wav"
                Duplicate="0"/>
        <sample Root="36" LoKey="35" HiKey="37" LoVel="42" HiVel="61" RRGroup="1"
                FileName="F:\2021\K18-Upright-Piano\K18 &#8212; &#1082;&#1086;&#1087;&#1080;&#1103;\C1.pp.wav"
                Duplicate="0"/>
        <sample Root="36" LoKey="35" HiKey="37" LoVel="112" HiVel="121" RRGroup="1"
                FileName="F:\2021\K18-Upright-Piano\K18 &#8212; &#1082;&#1086;&#1087;&#1080;&#1103;\C1.sf.wav"
                Duplicate="0"/>
        <sample Root="48" LoKey="47" HiKey="49" LoVel="82" HiVel="91" RRGroup="1"
                FileName="F:\2021\K18-Upright-Piano\K18 &#8212; &#1082;&#1086;&#1087;&#1080;&#1103;\C2.f.wav"
                Duplicate="0"/>
        <sample Root="48" LoKey="47" HiKey="49" LoVel="92" HiVel="111" RRGroup="1"
                FileName="F:\2021\K18-Upright-Piano\K18 &#8212; &#1082;&#1086;&#1087;&#1080;&#1103;\C2.ff.wav"
                Duplicate="0"/>
        <sample Root="48" LoKey="47" HiKey="49" LoVel="62" HiVel="81" RRGroup="1"
                FileName="F:\2021\K18-Upright-Piano\K18 &#8212; &#1082;&#1086;&#1087;&#1080;&#1103;\C2.mf.wav"
                Duplicate="0"/>
        <sample Root="48" LoKey="47" HiKey="49" LoVel="0" HiVel="41" RRGroup="1"
                FileName="F:\2021\K18-Upright-Piano\K18 &#8212; &#1082;&#1086;&#1087;&#1080;&#1103;\C2.p.wav"
                Duplicate="0"/>
        <sample Root="48" LoKey="47" HiKey="49" LoVel="42" HiVel="61" RRGroup="1"
                FileName="F:\2021\K18-Upright-Piano\K18 &#8212; &#1082;&#1086;&#1087;&#1080;&#1103;\C2.pp.wav"
                Duplicate="0"/>
        <sample Root="48" LoKey="47" HiKey="49" LoVel="112" HiVel="121" RRGroup="1"
                FileName="F:\2021\K18-Upright-Piano\K18 &#8212; &#1082;&#1086;&#1087;&#1080;&#1103;\C2.sf.wav"
                Duplicate="0"/>
        <sample Root="60" LoKey="59" HiKey="61" LoVel="82" HiVel="91" RRGroup="1"
                FileName="F:\2021\K18-Upright-Piano\K18 &#8212; &#1082;&#1086;&#1087;&#1080;&#1103;\C3.f.wav"
                Duplicate="0"/>
        <sample Root="60" LoKey="59" HiKey="61" LoVel="92" HiVel="111" RRGroup="1"
                FileName="F:\2021\K18-Upright-Piano\K18 &#8212; &#1082;&#1086;&#1087;&#1080;&#1103;\C3.ff.wav"
                Duplicate="0"/>
        <sample Root="60" LoKey="59" HiKey="61" LoVel="62" HiVel="81" RRGroup="1"
                FileName="F:\2021\K18-Upright-Piano\K18 &#8212; &#1082;&#1086;&#1087;&#1080;&#1103;\C3.mf.wav"
                Duplicate="0"/>
        <sample Root="60" LoKey="59" HiKey="61" LoVel="0" HiVel="41" RRGroup="1"
                FileName="F:\2021\K18-Upright-Piano\K18 &#8212; &#1082;&#1086;&#1087;&#1080;&#1103;\C3.p.wav"
                Duplicate="0"/>
        <sample Root="60" LoKey="59" HiKey="61" LoVel="42" HiVel="61" RRGroup="1"
                FileName="F:\2021\K18-Upright-Piano\K18 &#8212; &#1082;&#1086;&#1087;&#1080;&#1103;\C3.pp.wav"
                Duplicate="0"/>
        <sample Root="60" LoKey="59" HiKey="61" LoVel="112" HiVel="121" RRGroup="1"
                FileName="F:\2021\K18-Upright-Piano\K18 &#8212; &#1082;&#1086;&#1087;&#1080;&#1103;\C3.sf.wav"
                Duplicate="0"/>
        <sample Root="72" LoKey="71" HiKey="73" LoVel="82" HiVel="91" RRGroup="1"
                FileName="F:\2021\K18-Upright-Piano\K18 &#8212; &#1082;&#1086;&#1087;&#1080;&#1103;\C4.f.wav"
                Duplicate="0"/>
        <sample Root="72" LoKey="71" HiKey="73" LoVel="92" HiVel="111" RRGroup="1"
                FileName="F:\2021\K18-Upright-Piano\K18 &#8212; &#1082;&#1086;&#1087;&#1080;&#1103;\C4.ff.wav"
                Duplicate="0"/>
        <sample Root="72" LoKey="71" HiKey="73" LoVel="62" HiVel="81" RRGroup="1"
                FileName="F:\2021\K18-Upright-Piano\K18 &#8212; &#1082;&#1086;&#1087;&#1080;&#1103;\C4.mf.wav"
                Duplicate="0"/>
        <sample Root="72" LoKey="71" HiKey="73" LoVel="0" HiVel="41" RRGroup="1"
                FileName="F:\2021\K18-Upright-Piano\K18 &#8212; &#1082;&#1086;&#1087;&#1080;&#1103;\C4.p.wav"
                Duplicate="0"/>
        <sample Root="72" LoKey="71" HiKey="73" LoVel="42" HiVel="61" RRGroup="1"
                FileName="F:\2021\K18-Upright-Piano\K18 &#8212; &#1082;&#1086;&#1087;&#1080;&#1103;\C4.pp.wav"
                Duplicate="0"/>
        <sample Root="72" LoKey="71" HiKey="73" LoVel="112" HiVel="121" RRGroup="1"
                FileName="F:\2021\K18-Upright-Piano\K18 &#8212; &#1082;&#1086;&#1087;&#1080;&#1103;\C4.sf.wav"
                Duplicate="0"/>
        <sample Root="84" LoKey="83" HiKey="85" LoVel="82" HiVel="91" RRGroup="1"
                FileName="F:\2021\K18-Upright-Piano\K18 &#8212; &#1082;&#1086;&#1087;&#1080;&#1103;\C5.f.wav"
                Duplicate="0"/>
        <sample Root="84" LoKey="83" HiKey="85" LoVel="92" HiVel="111" RRGroup="1"
                FileName="F:\2021\K18-Upright-Piano\K18 &#8212; &#1082;&#1086;&#1087;&#1080;&#1103;\C5.ff.wav"
                Duplicate="0"/>
        <sample Root="84" LoKey="83" HiKey="85" LoVel="62" HiVel="81" RRGroup="1"
                FileName="F:\2021\K18-Upright-Piano\K18 &#8212; &#1082;&#1086;&#1087;&#1080;&#1103;\C5.mf.wav"
                Duplicate="0"/>
        <sample Root="84" LoKey="83" HiKey="85" LoVel="0" HiVel="41" RRGroup="1"
                FileName="F:\2021\K18-Upright-Piano\K18 &#8212; &#1082;&#1086;&#1087;&#1080;&#1103;\C5.p.wav"
                Duplicate="0"/>
        <sample Root="84" LoKey="83" HiKey="85" LoVel="42" HiVel="61" RRGroup="1"
                FileName="F:\2021\K18-Upright-Piano\K18 &#8212; &#1082;&#1086;&#1087;&#1080;&#1103;\C5.pp.wav"
                Duplicate="0"/>
        <sample Root="84" LoKey="83" HiKey="85" LoVel="112" HiVel="121" RRGroup="1"
                FileName="F:\2021\K18-Upright-Piano\K18 &#8212; &#1082;&#1086;&#1087;&#1080;&#1103;\C5.sf.wav"
                Duplicate="0"/>
        <sample Root="96" LoKey="95" HiKey="97" LoVel="82" HiVel="91" RRGroup="1"
                FileName="F:\2021\K18-Upright-Piano\K18 &#8212; &#1082;&#1086;&#1087;&#1080;&#1103;\C6.f.wav"
                Duplicate="0"/>
        <sample Root="96" LoKey="95" HiKey="97" LoVel="92" HiVel="111" RRGroup="1"
                FileName="F:\2021\K18-Upright-Piano\K18 &#8212; &#1082;&#1086;&#1087;&#1080;&#1103;\C6.ff.wav"
                Duplicate="0"/>
        <sample Root="96" LoKey="95" HiKey="97" LoVel="62" HiVel="81" RRGroup="1"
                FileName="F:\2021\K18-Upright-Piano\K18 &#8212; &#1082;&#1086;&#1087;&#1080;&#1103;\C6.mf.wav"
                Duplicate="0"/>
        <sample Root="96" LoKey="95" HiKey="97" LoVel="0" HiVel="41" RRGroup="1"
                FileName="F:\2021\K18-Upright-Piano\K18 &#8212; &#1082;&#1086;&#1087;&#1080;&#1103;\C6.p.wav"
                Duplicate="0"/>
        <sample Root="96" LoKey="95" HiKey="97" LoVel="42" HiVel="61" RRGroup="1"
                FileName="F:\2021\K18-Upright-Piano\K18 &#8212; &#1082;&#1086;&#1087;&#1080;&#1103;\C6.pp.wav"
                Duplicate="0"/>
        <sample Root="96" LoKey="95" HiKey="97" LoVel="112" HiVel="121" RRGroup="1"
                FileName="F:\2021\K18-Upright-Piano\K18 &#8212; &#1082;&#1086;&#1087;&#1080;&#1103;\C6.sf.wav"
                Duplicate="0"/>
        <sample Root="108" LoKey="107" HiKey="109" LoVel="82" HiVel="91" RRGroup="1"
                FileName="F:\2021\K18-Upright-Piano\K18 &#8212; &#1082;&#1086;&#1087;&#1080;&#1103;\C7.f.wav"
                Duplicate="0"/>
        <sample Root="108" LoKey="107" HiKey="109" LoVel="92" HiVel="111" RRGroup="1"
                FileName="F:\2021\K18-Upright-Piano\K18 &#8212; &#1082;&#1086;&#1087;&#1080;&#1103;\C7.ff.wav"
                Duplicate="0"/>
        <sample Root="108" LoKey="107" HiKey="109" LoVel="62" HiVel="81" RRGroup="1"
                FileName="F:\2021\K18-Upright-Piano\K18 &#8212; &#1082;&#1086;&#1087;&#1080;&#1103;\C7.mf.wav"
                Duplicate="0"/>
        <sample Root="108" LoKey="107" HiKey="109" LoVel="0" HiVel="41" RRGroup="1"
                FileName="F:\2021\K18-Upright-Piano\K18 &#8212; &#1082;&#1086;&#1087;&#1080;&#1103;\C7.p.wav"
                Duplicate="0"/>
        <sample Root="108" LoKey="107" HiKey="109" LoVel="42" HiVel="61" RRGroup="1"
                FileName="F:\2021\K18-Upright-Piano\K18 &#8212; &#1082;&#1086;&#1087;&#1080;&#1103;\C7.pp.wav"
                Duplicate="0"/>
        <sample Root="108" LoKey="107" HiKey="109" LoVel="112" HiVel="121" RRGroup="1"
                FileName="F:\2021\K18-Upright-Piano\K18 &#8212; &#1082;&#1086;&#1087;&#1080;&#1103;\C7.sf.wav"
                Duplicate="0"/>
        <sample Root="120" LoKey="119" HiKey="121" LoVel="82" HiVel="91" RRGroup="1"
                FileName="F:\2021\K18-Upright-Piano\K18 &#8212; &#1082;&#1086;&#1087;&#1080;&#1103;\C8.f.wav"
                Duplicate="0"/>
        <sample Root="120" LoKey="119" HiKey="121" LoVel="92" HiVel="111" RRGroup="1"
                FileName="F:\2021\K18-Upright-Piano\K18 &#8212; &#1082;&#1086;&#1087;&#1080;&#1103;\C8.ff.wav"
                Duplicate="0"/>
        <sample Root="120" LoKey="119" HiKey="121" LoVel="62" HiVel="81" RRGroup="1"
                FileName="F:\2021\K18-Upright-Piano\K18 &#8212; &#1082;&#1086;&#1087;&#1080;&#1103;\C8.mf.wav"
                Duplicate="0"/>
        <sample Root="120" LoKey="119" HiKey="121" LoVel="0" HiVel="41" RRGroup="1"
                FileName="F:\2021\K18-Upright-Piano\K18 &#8212; &#1082;&#1086;&#1087;&#1080;&#1103;\C8.p.wav"
                Duplicate="0"/>
        <sample Root="120" LoKey="119" HiKey="121" LoVel="42" HiVel="61" RRGroup="1"
                FileName="F:\2021\K18-Upright-Piano\K18 &#8212; &#1082;&#1086;&#1087;&#1080;&#1103;\C8.pp.wav"
                Duplicate="0"/>
        <sample Root="120" LoKey="119" HiKey="121" LoVel="112" HiVel="121" RRGroup="1"
                FileName="F:\2021\K18-Upright-Piano\K18 &#8212; &#1082;&#1086;&#1087;&#1080;&#1103;\C8.sf.wav"
                Duplicate="0"/>
        <sample Root="39" LoKey="38" HiKey="40" LoVel="82" HiVel="91" RRGroup="1"
                FileName="F:\2021\K18-Upright-Piano\K18 &#8212; &#1082;&#1086;&#1087;&#1080;&#1103;\D#1.f.wav"
                Duplicate="0"/>
        <sample Root="39" LoKey="38" HiKey="40" LoVel="92" HiVel="111" RRGroup="1"
                FileName="F:\2021\K18-Upright-Piano\K18 &#8212; &#1082;&#1086;&#1087;&#1080;&#1103;\D#1.ff.wav"
                Duplicate="0"/>
        <sample Root="39" LoKey="38" HiKey="40" LoVel="62" HiVel="81" RRGroup="1"
                FileName="F:\2021\K18-Upright-Piano\K18 &#8212; &#1082;&#1086;&#1087;&#1080;&#1103;\D#1.mf.wav"
                Duplicate="0"/>
        <sample Root="39" LoKey="38" HiKey="40" LoVel="0" HiVel="41" RRGroup="1"
                FileName="F:\2021\K18-Upright-Piano\K18 &#8212; &#1082;&#1086;&#1087;&#1080;&#1103;\D#1.p.wav"
                Duplicate="0"/>
        <sample Root="39" LoKey="38" HiKey="40" LoVel="42" HiVel="61" RRGroup="1"
                FileName="F:\2021\K18-Upright-Piano\K18 &#8212; &#1082;&#1086;&#1087;&#1080;&#1103;\D#1.pp.wav"
                Duplicate="0"/>
        <sample Root="39" LoKey="38" HiKey="40" LoVel="112" HiVel="121" RRGroup="1"
                FileName="F:\2021\K18-Upright-Piano\K18 &#8212; &#1082;&#1086;&#1087;&#1080;&#1103;\D#1.sf.wav"
                Duplicate="0"/>
        <sample Root="51" LoKey="50" HiKey="52" LoVel="82" HiVel="91" RRGroup="1"
                FileName="F:\2021\K18-Upright-Piano\K18 &#8212; &#1082;&#1086;&#1087;&#1080;&#1103;\D#2.f.wav"
                Duplicate="0"/>
        <sample Root="51" LoKey="50" HiKey="52" LoVel="92" HiVel="111" RRGroup="1"
                FileName="F:\2021\K18-Upright-Piano\K18 &#8212; &#1082;&#1086;&#1087;&#1080;&#1103;\D#2.ff.wav"
                Duplicate="0"/>
        <sample Root="51" LoKey="50" HiKey="52" LoVel="62" HiVel="81" RRGroup="1"
                FileName="F:\2021\K18-Upright-Piano\K18 &#8212; &#1082;&#1086;&#1087;&#1080;&#1103;\D#2.mf.wav"
                Duplicate="0"/>
        <sample Root="51" LoKey="50" HiKey="52" LoVel="0" HiVel="41" RRGroup="1"
                FileName="F:\2021\K18-Upright-Piano\K18 &#8212; &#1082;&#1086;&#1087;&#1080;&#1103;\D#2.p.wav"
                Duplicate="0"/>
        <sample Root="51" LoKey="50" HiKey="52" LoVel="42" HiVel="61" RRGroup="1"
                FileName="F:\2021\K18-Upright-Piano\K18 &#8212; &#1082;&#1086;&#1087;&#1080;&#1103;\D#2.pp.wav"
                Duplicate="0"/>
        <sample Root="51" LoKey="50" HiKey="52" LoVel="112" HiVel="121" RRGroup="1"
                FileName="F:\2021\K18-Upright-Piano\K18 &#8212; &#1082;&#1086;&#1087;&#1080;&#1103;\D#2.sf.wav"
                Duplicate="0"/>
        <sample Root="63" LoKey="62" HiKey="64" LoVel="82" HiVel="91" RRGroup="1"
                FileName="F:\2021\K18-Upright-Piano\K18 &#8212; &#1082;&#1086;&#1087;&#1080;&#1103;\D#3.f.wav"
                Duplicate="0"/>
        <sample Root="63" LoKey="62" HiKey="64" LoVel="92" HiVel="111" RRGroup="1"
                FileName="F:\2021\K18-Upright-Piano\K18 &#8212; &#1082;&#1086;&#1087;&#1080;&#1103;\D#3.ff.wav"
                Duplicate="0"/>
        <sample Root="63" LoKey="62" HiKey="64" LoVel="62" HiVel="81" RRGroup="1"
                FileName="F:\2021\K18-Upright-Piano\K18 &#8212; &#1082;&#1086;&#1087;&#1080;&#1103;\D#3.mf.wav"
                Duplicate="0"/>
        <sample Root="63" LoKey="62" HiKey="64" LoVel="0" HiVel="41" RRGroup="1"
                FileName="F:\2021\K18-Upright-Piano\K18 &#8212; &#1082;&#1086;&#1087;&#1080;&#1103;\D#3.p.wav"
                Duplicate="0"/>
        <sample Root="63" LoKey="62" HiKey="64" LoVel="42" HiVel="61" RRGroup="1"
                FileName="F:\2021\K18-Upright-Piano\K18 &#8212; &#1082;&#1086;&#1087;&#1080;&#1103;\D#3.pp.wav"
                Duplicate="0"/>
        <sample Root="63" LoKey="62" HiKey="64" LoVel="112" HiVel="121" RRGroup="1"
                FileName="F:\2021\K18-Upright-Piano\K18 &#8212; &#1082;&#1086;&#1087;&#1080;&#1103;\D#3.sf.wav"
                Duplicate="0"/>
        <sample Root="75" LoKey="74" HiKey="76" LoVel="82" HiVel="91" RRGroup="1"
                FileName="F:\2021\K18-Upright-Piano\K18 &#8212; &#1082;&#1086;&#1087;&#1080;&#1103;\D#4.f.wav"
                Duplicate="0"/>
        <sample Root="75" LoKey="74" HiKey="76" LoVel="92" HiVel="111" RRGroup="1"
                FileName="F:\2021\K18-Upright-Piano\K18 &#8212; &#1082;&#1086;&#1087;&#1080;&#1103;\D#4.ff.wav"
                Duplicate="0"/>
        <sample Root="75" LoKey="74" HiKey="76" LoVel="62" HiVel="81" RRGroup="1"
                FileName="F:\2021\K18-Upright-Piano\K18 &#8212; &#1082;&#1086;&#1087;&#1080;&#1103;\D#4.mf.wav"
                Duplicate="0"/>
        <sample Root="75" LoKey="74" HiKey="76" LoVel="0" HiVel="41" RRGroup="1"
                FileName="F:\2021\K18-Upright-Piano\K18 &#8212; &#1082;&#1086;&#1087;&#1080;&#1103;\D#4.p.wav"
                Duplicate="0"/>
        <sample Root="75" LoKey="74" HiKey="76" LoVel="42" HiVel="61" RRGroup="1"
                FileName="F:\2021\K18-Upright-Piano\K18 &#8212; &#1082;&#1086;&#1087;&#1080;&#1103;\D#4.pp.wav"
                Duplicate="0"/>
        <sample Root="75" LoKey="74" HiKey="76" LoVel="112" HiVel="121" RRGroup="1"
                FileName="F:\2021\K18-Upright-Piano\K18 &#8212; &#1082;&#1086;&#1087;&#1080;&#1103;\D#4.sf.wav"
                Duplicate="0"/>
        <sample Root="87" LoKey="86" HiKey="88" LoVel="82" HiVel="91" RRGroup="1"
                FileName="F:\2021\K18-Upright-Piano\K18 &#8212; &#1082;&#1086;&#1087;&#1080;&#1103;\D#5.f.wav"
                Duplicate="0"/>
        <sample Root="87" LoKey="86" HiKey="88" LoVel="92" HiVel="111" RRGroup="1"
                FileName="F:\2021\K18-Upright-Piano\K18 &#8212; &#1082;&#1086;&#1087;&#1080;&#1103;\D#5.ff.wav"
                Duplicate="0"/>
        <sample Root="87" LoKey="86" HiKey="88" LoVel="62" HiVel="81" RRGroup="1"
                FileName="F:\2021\K18-Upright-Piano\K18 &#8212; &#1082;&#1086;&#1087;&#1080;&#1103;\D#5.mf.wav"
                Duplicate="0"/>
        <sample Root="87" LoKey="86" HiKey="88" LoVel="0" HiVel="41" RRGroup="1"
                FileName="F:\2021\K18-Upright-Piano\K18 &#8212; &#1082;&#1086;&#1087;&#1080;&#1103;\D#5.p.wav"
                Duplicate="0"/>
        <sample Root="87" LoKey="86" HiKey="88" LoVel="42" HiVel="61" RRGroup="1"
                FileName="F:\2021\K18-Upright-Piano\K18 &#8212; &#1082;&#1086;&#1087;&#1080;&#1103;\D#5.pp.wav"
                Duplicate="0"/>
        <sample Root="87" LoKey="86" HiKey="88" LoVel="112" HiVel="121" RRGroup="1"
                FileName="F:\2021\K18-Upright-Piano\K18 &#8212; &#1082;&#1086;&#1087;&#1080;&#1103;\D#5.sf.wav"
                Duplicate="0"/>
        <sample Root="99" LoKey="98" HiKey="100" LoVel="82" HiVel="91" RRGroup="1"
                FileName="F:\2021\K18-Upright-Piano\K18 &#8212; &#1082;&#1086;&#1087;&#1080;&#1103;\D#6.f.wav"
                Duplicate="0"/>
        <sample Root="99" LoKey="98" HiKey="100" LoVel="92" HiVel="111" RRGroup="1"
                FileName="F:\2021\K18-Upright-Piano\K18 &#8212; &#1082;&#1086;&#1087;&#1080;&#1103;\D#6.ff.wav"
                Duplicate="0"/>
        <sample Root="99" LoKey="98" HiKey="100" LoVel="62" HiVel="81" RRGroup="1"
                FileName="F:\2021\K18-Upright-Piano\K18 &#8212; &#1082;&#1086;&#1087;&#1080;&#1103;\D#6.mf.wav"
                Duplicate="0"/>
        <sample Root="99" LoKey="98" HiKey="100" LoVel="0" HiVel="41" RRGroup="1"
                FileName="F:\2021\K18-Upright-Piano\K18 &#8212; &#1082;&#1086;&#1087;&#1080;&#1103;\D#6.p.wav"
                Duplicate="0"/>
        <sample Root="99" LoKey="98" HiKey="100" LoVel="42" HiVel="61" RRGroup="1"
                FileName="F:\2021\K18-Upright-Piano\K18 &#8212; &#1082;&#1086;&#1087;&#1080;&#1103;\D#6.pp.wav"
                Duplicate="0"/>
        <sample Root="99" LoKey="98" HiKey="100" LoVel="112" HiVel="121" RRGroup="1"
                FileName="F:\2021\K18-Upright-Piano\K18 &#8212; &#1082;&#1086;&#1087;&#1080;&#1103;\D#6.sf.wav"
                Duplicate="0"/>
        <sample Root="111" LoKey="110" HiKey="112" LoVel="82" HiVel="91" RRGroup="1"
                FileName="F:\2021\K18-Upright-Piano\K18 &#8212; &#1082;&#1086;&#1087;&#1080;&#1103;\D#7.f.wav"
                Duplicate="0"/>
        <sample Root="111" LoKey="110" HiKey="112" LoVel="92" HiVel="111" RRGroup="1"
                FileName="F:\2021\K18-Upright-Piano\K18 &#8212; &#1082;&#1086;&#1087;&#1080;&#1103;\D#7.ff.wav"
                Duplicate="0"/>
        <sample Root="111" LoKey="110" HiKey="112" LoVel="62" HiVel="81" RRGroup="1"
                FileName="F:\2021\K18-Upright-Piano\K18 &#8212; &#1082;&#1086;&#1087;&#1080;&#1103;\D#7.mf.wav"
                Duplicate="0"/>
        <sample Root="111" LoKey="110" HiKey="112" LoVel="0" HiVel="41" RRGroup="1"
                FileName="F:\2021\K18-Upright-Piano\K18 &#8212; &#1082;&#1086;&#1087;&#1080;&#1103;\D#7.p.wav"
                Duplicate="0"/>
        <sample Root="111" LoKey="110" HiKey="112" LoVel="42" HiVel="61" RRGroup="1"
                FileName="F:\2021\K18-Upright-Piano\K18 &#8212; &#1082;&#1086;&#1087;&#1080;&#1103;\D#7.pp.wav"
                Duplicate="0"/>
        <sample Root="111" LoKey="110" HiKey="112" LoVel="112" HiVel="121" RRGroup="1"
                FileName="F:\2021\K18-Upright-Piano\K18 &#8212; &#1082;&#1086;&#1087;&#1080;&#1103;\D#7.sf.wav"
                Duplicate="0"/>
        <sample Root="42" LoKey="41" HiKey="43" LoVel="82" HiVel="91" RRGroup="1"
                FileName="F:\2021\K18-Upright-Piano\K18 &#8212; &#1082;&#1086;&#1087;&#1080;&#1103;\F#1.f.wav"
                Duplicate="0"/>
        <sample Root="42" LoKey="41" HiKey="43" LoVel="92" HiVel="111" RRGroup="1"
                FileName="F:\2021\K18-Upright-Piano\K18 &#8212; &#1082;&#1086;&#1087;&#1080;&#1103;\F#1.ff.wav"
                Duplicate="0"/>
        <sample Root="42" LoKey="41" HiKey="43" LoVel="62" HiVel="81" RRGroup="1"
                FileName="F:\2021\K18-Upright-Piano\K18 &#8212; &#1082;&#1086;&#1087;&#1080;&#1103;\F#1.mf.wav"
                Duplicate="0"/>
        <sample Root="42" LoKey="41" HiKey="43" LoVel="0" HiVel="41" RRGroup="1"
                FileName="F:\2021\K18-Upright-Piano\K18 &#8212; &#1082;&#1086;&#1087;&#1080;&#1103;\F#1.p.wav"
                Duplicate="0"/>
        <sample Root="42" LoKey="41" HiKey="43" LoVel="42" HiVel="61" RRGroup="1"
                FileName="F:\2021\K18-Upright-Piano\K18 &#8212; &#1082;&#1086;&#1087;&#1080;&#1103;\F#1.pp.wav"
                Duplicate="0"/>
        <sample Root="42" LoKey="41" HiKey="43" LoVel="112" HiVel="121" RRGroup="1"
                FileName="F:\2021\K18-Upright-Piano\K18 &#8212; &#1082;&#1086;&#1087;&#1080;&#1103;\F#1.sf.wav"
                Duplicate="0"/>
        <sample Root="54" LoKey="53" HiKey="55" LoVel="82" HiVel="91" RRGroup="1"
                FileName="F:\2021\K18-Upright-Piano\K18 &#8212; &#1082;&#1086;&#1087;&#1080;&#1103;\F#2.f.wav"
                Duplicate="0"/>
        <sample Root="54" LoKey="53" HiKey="55" LoVel="92" HiVel="111" RRGroup="1"
                FileName="F:\2021\K18-Upright-Piano\K18 &#8212; &#1082;&#1086;&#1087;&#1080;&#1103;\F#2.ff.wav"
                Duplicate="0"/>
        <sample Root="54" LoKey="53" HiKey="55" LoVel="62" HiVel="81" RRGroup="1"
                FileName="F:\2021\K18-Upright-Piano\K18 &#8212; &#1082;&#1086;&#1087;&#1080;&#1103;\F#2.mf.wav"
                Duplicate="0"/>
        <sample Root="54" LoKey="53" HiKey="55" LoVel="0" HiVel="41" RRGroup="1"
                FileName="F:\2021\K18-Upright-Piano\K18 &#8212; &#1082;&#1086;&#1087;&#1080;&#1103;\F#2.p.wav"
                Duplicate="0"/>
        <sample Root="54" LoKey="53" HiKey="55" LoVel="42" HiVel="61" RRGroup="1"
                FileName="F:\2021\K18-Upright-Piano\K18 &#8212; &#1082;&#1086;&#1087;&#1080;&#1103;\F#2.pp.wav"
                Duplicate="0"/>
        <sample Root="54" LoKey="53" HiKey="55" LoVel="112" HiVel="121" RRGroup="1"
                FileName="F:\2021\K18-Upright-Piano\K18 &#8212; &#1082;&#1086;&#1087;&#1080;&#1103;\F#2.sf.wav"
                Duplicate="0"/>
        <sample Root="66" LoKey="65" HiKey="67" LoVel="82" HiVel="91" RRGroup="1"
                FileName="F:\2021\K18-Upright-Piano\K18 &#8212; &#1082;&#1086;&#1087;&#1080;&#1103;\F#3.f.wav"
                Duplicate="0"/>
        <sample Root="66" LoKey="65" HiKey="67" LoVel="92" HiVel="111" RRGroup="1"
                FileName="F:\2021\K18-Upright-Piano\K18 &#8212; &#1082;&#1086;&#1087;&#1080;&#1103;\F#3.ff.wav"
                Duplicate="0"/>
        <sample Root="66" LoKey="65" HiKey="67" LoVel="62" HiVel="81" RRGroup="1"
                FileName="F:\2021\K18-Upright-Piano\K18 &#8212; &#1082;&#1086;&#1087;&#1080;&#1103;\F#3.mf.wav"
                Duplicate="0"/>
        <sample Root="66" LoKey="65" HiKey="67" LoVel="0" HiVel="41" RRGroup="1"
                FileName="F:\2021\K18-Upright-Piano\K18 &#8212; &#1082;&#1086;&#1087;&#1080;&#1103;\F#3.p.wav"
                Duplicate="0"/>
        <sample Root="66" LoKey="65" HiKey="67" LoVel="42" HiVel="61" RRGroup="1"
                FileName="F:\2021\K18-Upright-Piano\K18 &#8212; &#1082;&#1086;&#1087;&#1080;&#1103;\F#3.pp.wav"
                Duplicate="0"/>
        <sample Root="66" LoKey="65" HiKey="67" LoVel="112" HiVel="121" RRGroup="1"
                FileName="F:\2021\K18-Upright-Piano\K18 &#8212; &#1082;&#1086;&#1087;&#1080;&#1103;\F#3.sf.wav"
                Duplicate="0"/>
      </samplemap>
    </Processor>
  </ChildProcessors>
  <RoutingMatrix NumSourceChannels="2" Channel0="0" Send0="-1" Channel1="1" Send1="-1"/>
  <macro_controls>
    <macro name="Macro 1" value="0" midi_cc="-1"/>
    <macro name="Macro 2" value="0" midi_cc="-1"/>
    <macro name="Macro 3" value="0" midi_cc="-1"/>
    <macro name="Macro 4" value="0" midi_cc="-1"/>
    <macro name="Macro 5" value="0" midi_cc="-1"/>
    <macro name="Macro 6" value="0" midi_cc="-1"/>
    <macro name="Macro 7" value="0" midi_cc="-1"/>
    <macro name="Macro 8" value="0" midi_cc="-1"/>
  </macro_controls>
  <MidiAutomation/>
  <MPEData Enabled="0"/>
</Processor>
