<?xml version="1.0" encoding="UTF-8"?>

<ProjectSettings>
  <Name value="k18hise"/>
  <Version value="1.0.0"/>
  <Description value=""/>
  <BundleIdentifier value="com.myCompany.product"/>
  <PluginCode value="Abcd"/>
  <EmbedAudioFiles value="Yes"/>
  <SupportFullDynamicsHLAC value="1"/>
  <AdditionalDspLibraries value=""/>
  <OSXStaticLibs value=""/>
  <WindowsStaticLibFolder value=""/>
  <ExtraDefinitionsWindows value=""/>
  <ExtraDefinitionsOSX value=""/>
  <ExtraDefinitionsIOS value=""/>
  <AppGroupID value=""/>
  <RedirectSampleFolder value=""/>
  <AAXCategoryFX value="AAX_ePlugInCategory_Modulation"/>
  <SupportMonoFX value="No"/>
  <UseRawFrontend value="No"/>
</ProjectSettings>
